Date,Start,End,Event,Category,Price,Link,Registration Link,
"Mon, 29 September",12:00 AM,2:30 AM,Networking Mixer by X10 Agency & Insight Genesis,Party/Dinner,Free,https://luma.com/w9jwyznz,,
"Mon, 29 September",12:00 AM,12:00 AM,Ethereum Singapore Week - Day 1,Conference/Summit,Free,https://www.ethereum.sg/,,
"Mon, 29 September",7:00 AM,5:00 PM,CoinFerenceX - Day 1,Conference/Summit,Free,https://coinferencex.com,,
"Mon, 29 September",7:30 AM,8:30 AM,ONE OF US Run & Coffee - 29/09,Sport,Free,https://lu.ma/lq1np4lv,,
"Mon, 29 September",8:00 AM,12:00 PM,Oversubscribed Capital Institutional Breakfast 1,Networking,Free,https://lu.ma/ch5u0joo,,
"Mon, 29 September",9:00 AM,11:00 AM,ONE OF US Lift & Coffee - 29/09,Sport,Free,https://lu.ma/h3h9xa89,,
"Mon, 29 September",9:00 AM,6:00 PM,All That Matters 2025 - Day 1,Conference/Summit,US$599-1299,www.allthatmatters.asia,,
"Mon, 29 September",9:00 AM,11:00 AM,Blockverse Series: Connect the Blocks,Conference/Summit,US$0-49,https://luma.com/mrcsc3fp,,
"Mon, 29 September",9:00 AM,11:00 AM,EmpowHER in AI: Women in AI,Conference/Summit,US$0-49,https://luma.com/hh3owgnq,,
"Mon, 29 September",9:00 AM,11:00 AM,The Algorithm Alliance: AI Builders' Meetup,Conference/Summit,US$0-49,https://luma.com/qqt6p4f6,,
"Mon, 29 September",9:00 AM,8:00 PM,[ZONE3 LAUNCHPAD] Special Economic Zone Ideathon,Other,Free,https://luma.com/4ley7w4o,,
"Mon, 29 September",10:00 AM,5:00 PM,Signal: Institutional Strategies Amid the Noise,Conference/Summit,US$85-145,https://lu.ma/signal,,
"Mon, 29 September",10:00 AM,4:00 PM,Ordinal Genesis: Gaming & Rewards On Bitcoin - Day 1,Conference/Summit,Free,https://luma.com/cer5lmnu,,
"Mon, 29 September",10:00 AM,6:00 PM,StableCoin x Enterprise | DeFire #5,Conference/Summit,Free,https://luma.com/36wzsn8i,,
"Mon, 29 September",10:00 AM,1:30 PM,Moca Network Demo Day,Conference/Summit,Free,https://luma.com/3j38tcd7,,
"Mon, 29 September",11:00 AM,2:00 PM,VC Connect - Singapore,Networking,Free,https://lu.ma/VCConnect-Singapore,,
"Mon, 29 September",11:00 AM,5:00 PM,Verifying Intelligence: Where ZK Meets AI,Conference/Summit,Free,https://lu.ma/ae6uqqvw,,
"Mon, 29 September",11:00 AM,5:00 PM,Sonic Summit 2025: Singapore,Conference/Summit,Free,https://lu.ma/zx7x3m92,,
"Mon, 29 September",11:00 AM,5:00 PM,Whitepaper Reading Sessions,Other,Free,https://luma.com/s8cfjr2k,,
"Mon, 29 September",11:00 AM,1:00 PM,AI Capital Connect x VC Vault X The Capital Circle,Conference/Summit,US$0-49,https://luma.com/p9905tv6,,
"Mon, 29 September",11:00 AM,1:00 PM,Web3 Growth Guild Forum: SG Edition,Conference/Summit,US$0-49,https://luma.com/djqq7qqe,,
"Mon, 29 September",11:00 AM,1:00 PM,CliniConnect: AI X Healthcare SG Edition,Conference/Summit,US$0-49,https://luma.com/ezgvryo0,,
"Mon, 29 September",11:30 AM,1:30 PM,founder x vc //brunch [invite only],Networking,Free,https://luma.com/6pnwrkp8,,
"Mon, 29 September",12:00 PM,6:00 PM,Institutional Horizons,Conference/Summit,Free,https://lu.ma/kik8ym4q,,
"Mon, 29 September",12:00 PM,2:00 PM,Vaults Unlocked: Treehouse x Outdrive GP,Networking,Free,https://luma.com/w8s3k17e,,
"Mon, 29 September",12:00 PM,2:00 PM,Unit Network + Unit Ventures: VC & Investors Lunch,Other,Free,https://luma.com/iefutfn2,,
"Mon, 29 September",12:30 PM,3:30 PM,CMOs Luncheon by CMO Circle (Invite Only),Networking,Free,https://lu.ma/ma8nyem0,,
"Mon, 29 September",12:30 PM,2:30 PM,True Global Ventures (TGV) VIP Luncheon [29th Sep,Party/Dinner,Free,https://luma.com/r4ybrlys,,
"Mon, 29 September",1:00 PM,6:30 PM,The Spectrum Summit,Conference/Summit,US$0-250,https://lu.ma/5tzzynkf,,
"Mon, 29 September",1:00 PM,5:00 PM,Tokenised SG: Bridging RWA tokenization and TradFi,Conference/Summit,Free,https://lu.ma/tokenisedsg,,
"Mon, 29 September",1:00 PM,3:00 PM,AI Marketing Minds: Marketers Meetup,Conference/Summit,US$0-49,https://luma.com/qa89i34o,,
"Mon, 29 September",1:00 PM,4:00 PM,GameFi Alliance x Gamechain Collective,Conference/Summit,US$0-49,https://luma.com/j8bqrjh8,,
"Mon, 29 September",1:00 PM,3:00 PM,Web3 Gaming Labs: Singapore Edition,Conference/Summit,US$0-49,https://luma.com/o6fe36cv,,
"Mon, 29 September",1:00 PM,5:00 PM,Hyperliquid Nexus,Networking,Free,https://lu.ma/qowlxujq,,
"Mon, 29 September",1:30 PM,5:00 PM,Japan Hub | VC Connect,Networking,Free,https://luma.com/l52dhf3y,,
"Mon, 29 September",2:00 PM,5:30 PM,EduFest by Open Campus,Conference/Summit,Free,https://lu.ma/edufest2025,,
"Mon, 29 September",2:00 PM,4:00 PM,Monad Doubters‚Äô Dialogue,Networking,Free,https://luma.com/x30pz3sk,,
"Mon, 29 September",2:00 PM,4:00 PM,Web3 Gamers Hub x Gamers Unchained: Networking,Networking,US$0-49,https://luma.com/wa248u6k,,
"Mon, 29 September",2:00 PM,5:00 PM,ONCHAIN SECURITY with GOOGLE,Networking,Free,https://luma.com/googlesg,,
"Mon, 29 September",3:00 PM,6:00 PM,Ignition S4: Demo Day,Conference/Summit,Free,https://luma.com/ignitions4_demo_day,,
"Mon, 29 September",3:30 PM,8:00 PM,Demo Day & Pitch Competition | Hosted by Atlassoit,Conference/Summit,Free,https://lu.ma/yin28y9q,,
"Mon, 29 September",4:00 PM,8:30 PM,Founder x VC Summit | Demo Day & Pitching (Day 1),Conference/Summit,Free,https://lu.ma/kgkuizrv,,
"Mon, 29 September",4:00 PM,6:00 PM,KOL Connect: Singapore Edition,Conference/Summit,US$0-49,https://luma.com/znifv3r9,,
"Mon, 29 September",4:00 PM,6:00 PM,MemeCon Meetup,Conference/Summit,US$0-49,https://luma.com/h0zwsenc,,
"Mon, 29 September",4:00 PM,6:00 PM,Affiliate Conclave: Connecting the Growth Leaders,Conference/Summit,US$0-49,https://luma.com/sn0e3gak,,
"Mon, 29 September",4:00 PM,7:00 PM,"AI Sundown Hour: Build Faster, Scale Smarter",Networking,Free,https://bytedance.sg.larkoffice.com/share/base/form/shrlgq2k7IMrHeIBjx2kWCCjdhh,,
"Mon, 29 September",5:00 PM,8:00 PM,The Great AngelHack Tee-Off ‚õ≥,Sport,Free,https://lu.ma/1q3qcieh,,
"Mon, 29 September",5:00 PM,7:30 PM,Pre-Token Hype Event,Networking,Free,https://luma.com/4yctec9b,,
"Mon, 29 September",5:30 PM,8:30 PM,Web3 Talent Night & VIP Party by KangaStarter,Networking,Free,https://luma.com/wj3hj6ss,,
"Mon, 29 September",5:30 PM,8:30 PM,"Investors, Institutions, and Investors Night",Party/Dinner,Free,https://luma.com/s5zmgzqt,,
"Mon, 29 September",6:00 PM,11:00 PM,VC Circle:Founders X Funds Roundtable,Networking,Free,https://lu.ma/ajy9ho72,,
"Mon, 29 September",6:00 PM,10:00 PM,DEGEN-HAUS,Networking,Free,https://lu.ma/tolzsays,,
"Mon, 29 September",6:00 PM,11:30 PM,RITE RACE by RITE.MOV - Day 1,Other,Free,https://luma.com/h5zw4n3m,,
"Mon, 29 September",6:00 PM,10:00 PM,Rooftop Speed Networking: Founders & VCs,Networking,Free,https://luma.com/0dn1nfdu,,
"Mon, 29 September",6:00 PM,9:00 PM,The ArAIstotle-an Truth Seekers‚Äô Meet,Networking,Free,https://luma.com/wxlgr10b,,
"Mon, 29 September",6:00 PM,10:00 PM,Stablecoiners in Singapore,Networking,Free,https://luma.com/50s4cdsi,,
"Mon, 29 September",6:00 PM,9:00 PM,OKX & Definitive Finance: Institutional DeFi Mixer,Networking,Free,https://luma.com/uh0vv9ne,,
"Mon, 29 September",6:00 PM,10:00 PM,RWA Lounge,Networking,Free,https://luma.com/py2t9knh,,
"Mon, 29 September",6:00 PM,9:00 PM,Verifying Intelligence: After Hours,Party/Dinner,Free,https://luma.com/dwljye8z,,
"Mon, 29 September",6:00 PM,10:00 PM,DeFi & TradFi Traders Meet,Workshop/Hackathon,Free,https://luma.com/g2292vzu,,
"Mon, 29 September",6:30 PM,2:30 AM,Hack or Be Hacked: Atlassoit Security Night,Party/Dinner,Free,https://lu.ma/vrdfip9c/,,
"Mon, 29 September",6:30 PM,9:30 PM,Avalanche Campus Connect NUS,Workshop/Hackathon,Free,https://luma.com/grqkx0vd,,
"Mon, 29 September",6:30 PM,9:00 PM,Move Money Like It's 2025 Mixer,Networking,Free,https://luma.com/lrd06z61,,
"Mon, 29 September",7:00 PM,9:00 PM,SINGAPORE CRYPTO DERIVATIVE LOUNGE 2025,Networking,Free,https://www.levenstein.net/sgcryptolounge2025,,
"Mon, 29 September",7:00 PM,9:00 PM,Investor Dinner Singapore,Party/Dinner,Free,https://app.vntr.vc/dl/6471c6/s/4ed487/r/fRiM-5-nSPW6TQT7f9fQ1Q?ref=6q0mxqasSxi2NA4l6uG.GA,,
"Mon, 29 September",7:00 PM,11:00 PM,CIGARS & WHISKEY NIGHT - Day 1,Networking,Free,https://lu.ma/ae8kg1am,,
"Mon, 29 September",7:00 PM,10:00 PM,DePIN VIP Night by Beamable & Reform DAO,Networking,Free,https://luma.com/4fiy8m0b,,
"Mon, 29 September",7:00 PM,10:00 PM,deAI Ecosystem VIP Dinner @ Token Singapore,Party/Dinner,Free,https://luma.com/deAI_Ecosystem_VIP_DInner_Token2049_Singapore,,
"Mon, 29 September",7:00 PM,12:00 AM,Proof of Vibes Club - Good Vibes Only,Party/Dinner,Free,https://luma.com/3ptcxdnx,,
"Mon, 29 September",7:00 PM,10:00 PM,Amber Premium x Fenbushi Capital Exclusive Soir√©e,Networking,Free,https://luma.com/7vuhvhgp,,
"Mon, 29 September",7:00 PM,9:00 PM,The Token Velocity Summit,Networking,Free,https://luma.com/7gh3yxc5,,
"Mon, 29 September",7:00 PM,9:00 PM,Base Builder Mixer @ Network School,Networking,Free,https://luma.com/rrty5wf5,,
"Mon, 29 September",7:00 PM,12:00 AM,Crypto Cigars,Networking,US$100,https://luma.com/Cryptocigars?k=c,,
"Mon, 29 September",7:00 PM,11:30 PM,Let's get h(ai),Networking,Free,https://luma.com/gawezqbv,,
"Mon, 29 September",7:00 PM,11:00 PM,Solana APEX Mixer,Networking,Free,https://luma.com/SolarAPEXMixer,,
"Mon, 29 September",7:30 PM,1:30 AM,CASA NEBULA - SINGAPORE PRIVATE EDITION,Party/Dinner,Free,https://luma.com/casanebula,,
"Mon, 29 September",8:00 PM,12:00 AM,Funders & Founders Night by Giakaa Capital (7 Nigh - Day 1,Party/Dinner,Free,https://luma.com/jw93wgj5,,
"Mon, 29 September",8:00 PM,12:00 AM,OffChain's Nasi Lemak & Web3 Makan JB,Party/Dinner,Free,https://luma.com/1ky9448n,,
"Mon, 29 September",8:30 PM,11:30 PM,Pre Token Caf√© Meetup,Networking,Free,https://luma.com/upxbz11n,,
"Mon, 29 September",9:30 PM,11:00 PM,Late Night Football Warm-Up,Sport,Free,https://luma.com/snqfph1j,,
"Mon, 29 September",10:00 PM,2:00 AM,The Best Event with Mario Nawfal & TBV,Party/Dinner,Free,https://luma.com/TBE.Token2049.SG,,
"Tue, 30 September",12:00 AM,12:00 AM,Ethereum Singapore Week - Day 2,Conference/Summit,Free,https://www.ethereum.sg/,,
"Tue, 30 September",4:30 AM,7:30 AM,Wire Network x Spheron Networking Happy Hour,Party/Dinner,Free,https://luma.com/bj3gytof,,
"Tue, 30 September",7:00 AM,5:00 PM,CoinFerenceX - Day 2,Conference/Summit,Free,https://coinferencex.com,,
"Tue, 30 September",7:30 AM,8:30 AM,ONE OF US Run & Coffee - 30/09,Sport,Free,https://lu.ma/48orn565,,
"Tue, 30 September",7:30 AM,8:30 AM,Stargate Steady: 4km Run,Sport,Free,https://luma.com/zp3d80h7,,
"Tue, 30 September",7:45 AM,9:15 AM,Stable Run by Transak,Sport,Free,https://luma.com/pzh1dyv5,,
"Tue, 30 September",8:00 AM,12:00 PM,Oversubscribed Capital Institutional Breakfast 2,Networking,Free,https://lu.ma/u5magbri,,
"Tue, 30 September",8:00 AM,11:00 AM,"Leverage, Latency & Lattes: An Exclusive Breakfast",Networking,Free,https://luma.com/token2049-breakfast,,
"Tue, 30 September",8:30 AM,10:00 AM,CHILL VIBES W BC.GAME | VIP ROOFTOP YOGA,Other,Free,https://lu.ma/xcr28b56,,
"Tue, 30 September",8:30 AM,11:00 AM,Breakfast: Blockaid √ó Lava x GK8 by Galaxy,Networking,Free,https://luma.com/buildersbfast,,
"Tue, 30 September",9:00 AM,6:00 PM,Digital Assets Summit,Conference/Summit,Free,https://lu.ma/3i9w6554,,
"Tue, 30 September",9:00 AM,11:00 AM,ONE OF US Lift & Coffee - 30/09,Sport,Free,https://lu.ma/8lez24ca,,
"Tue, 30 September",9:00 AM,6:00 PM,All That Matters 2025 - Day 2,Conference/Summit,US$599-1299,www.allthatmatters.asia,,
"Tue, 30 September",9:00 AM,12:00 PM,Quants Space - Allocators and Asset Managers,Networking,Free,https://lu.ma/6qvfccmv,,
"Tue, 30 September",9:00 AM,1:00 PM,Investor Roundtable Singapore,Networking,Free,https://app.vntr.vc/dl/6471c6/s/4ed487/r/ibFeU0A7RuGBAXK3f63Arg?ref=6q0mxqasSxi2NA4l6uG.GA,,
"Tue, 30 September",9:00 AM,6:00 PM,Pitch Your Project. Meet iExec Ecosystem team.,Networking,Free,https://luma.com/z0syjvpx,,
"Tue, 30 September",9:00 AM,9:00 PM,Biggest Reveal of 2025,Conference/Summit,Free,https://luma.com/1wmw6kuw,,
"Tue, 30 September",9:00 AM,12:00 PM,The Reserve Table | Stablecoin CXO Breakfast,Networking,Free,https://luma.com/s70ujnj9,,
"Tue, 30 September",9:00 AM,2:00 AM,RavXY: Rave with EthXY!,Party/Dinner,Free,https://luma.com/RAVXY?tk=F6MF9V,,
"Tue, 30 September",9:00 AM,8:00 PM,R3al World AI Summit,Conference/Summit,Free,https://luma.com/r3al-world-ai-summit,,
"Tue, 30 September",9:30 AM,9:00 PM,CapitalX feat. ONCHAIN,Workshop/Hackathon,US$68,https://lu.ma/xeas0ydm,,
"Tue, 30 September",9:30 AM,6:00 PM,Kaia Summit 2025: Shaping the Stablecoin Wave,Conference/Summit,Free,https://luma.com/5s2hgvx4,,
"Tue, 30 September",9:30 AM,10:00 PM,CapitalX x ONCHAIN: Institutional Tokenisation,Conference/Summit,US$0-88,https://luma.com/xeas0ydm,,
"Tue, 30 September",10:00 AM,9:30 PM,InnoBlock 2025,Conference/Summit,US$0-40,https://lu.ma/orlpntvd,,
"Tue, 30 September",10:00 AM,12:00 PM,She Connects Networking Meetup: Singapore Edition,Networking,Free,https://lu.ma/uezlgfew,,
"Tue, 30 September",10:00 AM,7:00 PM,Solana APEX ‚Äì Singapore,Conference/Summit,Free,https://lu.ma/apex-singapore,,
"Tue, 30 September",10:00 AM,5:00 PM,Blockchain for Nations and Institutions,Networking,Free,https://lu.ma/76r779ft,,
"Tue, 30 September",10:00 AM,6:30 PM,Multichain Day | TOKEN2049 Singapore,Networking,Free,https://lu.ma/multichaindaytokensingapore,,
"Tue, 30 September",10:00 AM,8:00 PM,Tokenized Capital Summit 2025 Singapore,Conference/Summit,Free,https://lu.ma/dpjdfl32,,
"Tue, 30 September",10:00 AM,5:00 PM,DeFi x RWA,Conference/Summit,Free,https://lu.ma/zd91rre4,,
"Tue, 30 September",10:00 AM,4:00 PM,Ordinal Genesis: Gaming & Rewards On Bitcoin - Day 2,Conference/Summit,Free,https://luma.com/cer5lmnu,,
"Tue, 30 September",10:00 AM,3:30 PM,Do MORE With Less,Conference/Summit,Free,https://luma.com/iuguik2t,,
"Tue, 30 September",10:00 AM,8:00 PM,Collably Network - Day 1,Networking,Free,https://t.me/collablynetworkeventbot,,
"Tue, 30 September",10:00 AM,4:00 PM,DeSci Summit Singapore,Conference/Summit,Free,https://luma.com/DeSciSG2025,,
"Tue, 30 September",10:00 AM,5:00 PM,DeSci Acceleration Summit: All things DeSci,Conference/Summit,Free,https://luma.com/3iahr7je,,
"Tue, 30 September",10:00 AM,3:00 PM,Institutional Resurgence: The DAT Summit,Conference/Summit,Free,https://luma.com/9ei97sr9,,
"Tue, 30 September",10:00 AM,12:00 PM,Vaults Unlocked: Treehouse x EtherFi | Session 1,Other,Free,https://luma.com/kz2wkc69,,
"Tue, 30 September",10:00 AM,6:00 PM,amber.ac AgentFi Demo Day,Workshop/Hackathon,Free,https://luma.com/g6yp0sx1,,
"Tue, 30 September",10:00 AM,4:30 PM,LongHash Web3 Forum,Conference/Summit,Free,https://luma.com/p4l772o7,,
"Tue, 30 September",10:30 AM,12:30 PM,Pitch Competition at Singapore Roadshow,Networking,Free,https://luma.com/y0dvhdow,,
"Tue, 30 September",10:30 AM,5:30 PM,Crypto Fast Lane: Accelerating the Future of Web3,Conference/Summit,Free,https://luma.com/avjhg3jw,,
"Tue, 30 September",11:00 AM,9:00 PM,MEXC Ventures Global Golf Masters by GOLFIN,Sport,US$3000,https://lp.golfin.io/en/sentosa2025,,
"Tue, 30 September",11:00 AM,6:00 PM,Real-World Adoption Day,Conference/Summit,Free,https://lu.ma/adoptiondaysingapore,,
"Tue, 30 September",11:00 AM,2:00 PM,Swissblock x Glassnode Exclusive VIP Padel Event,Sport,Free,https://lu.ma/6ay99d4t,,
"Tue, 30 September",11:00 AM,2:00 PM,GFTN Connect: On-Chain Brunch,Networking,Free,https://gftn.co/gftn-connect-onchain-brunch,,
"Tue, 30 September",11:00 AM,6:00 PM,Open Robotics AI Forum by OpenMind üá∏üá¨,Conference/Summit,Free,https://luma.com/0q598l1q,,
"Tue, 30 September",11:00 AM,1:00 PM,Base Community Brunch @ Network School,Networking,Free,https://luma.com/dxngl4h5,,
"Tue, 30 September",11:00 AM,5:30 PM,(re)fundamentals,Conference/Summit,Free,https://luma.com/77ih7k2f,,
"Tue, 30 September",11:30 AM,4:30 PM,Liquid Token Investor Day by Quartalyst,Networking,Free,https://quartalyst.com/investor-day,,
"Tue, 30 September",12:00 PM,3:00 AM,GAMEFI UNLEASHED ‚ú®üéÆ VIP ROOFTOP LUNCH,Networking,Free,https://lu.ma/474imjgj,,
"Tue, 30 September",12:00 PM,3:30 PM,Lemniscap Portfolio Day,Networking,Free,https://luma.com/q5qv3ij9,,
"Tue, 30 September",12:00 PM,2:30 PM,Founders & VCs - The Signal Room,Networking,Free,https://lu.ma/ihfc8n5o,,
"Tue, 30 September",12:00 PM,3:00 PM,CoinTech2u: AI Futures Trading Bot ‚Äî The VIP Alpha,Networking,Free,https://luma.com/9khp1xvj,,
"Tue, 30 September",12:00 PM,2:00 PM,Cleanverse: Exclusive Media Preview & Roundtable,Conference/Summit,Free,https://luma.com/24hn5vrb,,
"Tue, 30 September",12:00 PM,8:00 PM,Styled by Nomina,Party/Dinner,Free,https://luma.com/6ima7yea,,
"Tue, 30 September",12:00 PM,2:00 PM,Vaults Unlocked: Treehouse x EtherFi | Session 2,Other,Free,https://luma.com/1rhc54fn,,
"Tue, 30 September",12:30 PM,5:00 PM,BTCFi Summit | Starknet x Re7 Capital -Invite Only,Conference/Summit,Free,https://luma.com/BTCFIsummit,,
"Tue, 30 September",12:30 PM,2:30 PM,True Global Ventures (TGV) VIP Luncheon [30th Sep,Party/Dinner,Free,https://luma.com/mh0tn9uo,,
"Tue, 30 September",12:30 PM,3:00 PM,Luncheon Hosted by Wave x Kroll x ADAMS,Other,Free,Invite Only,,
"Tue, 30 September",1:00 PM,12:00 AM,GROWTHDAY SINGAPORE 2025,Party/Dinner,US$0-10000,https://luma.com/growthday,,
"Tue, 30 September",1:00 PM,6:08 PM,XDC Network Investor Day 2025,Networking,Free,https://t-hub.co/programs/xdc-network-finternet-accelerator/#token-deployment,,
"Tue, 30 September",1:00 PM,5:00 PM,The Crypto Treasury Summit,Networking,Free,https://lu.ma/1c2ux8fg,,
"Tue, 30 September",1:00 PM,6:00 PM,From Pitch to Portfolio: XDC Investor Day 2025,Conference/Summit,Free,https://luma.com/eohf2qu2,,
"Tue, 30 September",1:00 PM,6:00 PM,Meet Monad,Networking,Free,https://luma.com/5py3vvf7,,
"Tue, 30 September",1:00 PM,5:00 PM,Comma3 Summit 2025 presented by Sui,Conference/Summit,Free,https://luma.com/w0plkber,,
"Tue, 30 September",1:30 PM,5:00 PM,Core Foundation Presents: Bitcoin Fusion 2025,Networking,Free,https://lu.ma/n1bhdwo0,,
"Tue, 30 September",1:30 PM,5:30 PM,Animoca Portfolio Day @ Singapore 2025,Networking,Free,https://lu.ma/PortfolioDay2025-Singapore,,
"Tue, 30 September",1:30 PM,5:30 PM,Cregis √ó KuCoin | Institutional Web3 Forum,Conference/Summit,Free,https://luma.com/ltsd50dp,,
"Tue, 30 September",1:30 PM,4:30 PM,Core Connect Global Buildathon - Demo Day,Workshop/Hackathon,Free,https://luma.com/v688sbz5,,
"Tue, 30 September",1:30 PM,3:00 PM,Whitepaper Reading @ Bera Summit,Workshop/Hackathon,Free,https://luma.com/d16ph0dk,,
"Tue, 30 September",1:30 PM,3:30 PM,From Code to Capital: Founders of AI-Crypto,Workshop/Hackathon,Free,https://luma.com/4wdo3ftg,,
"Tue, 30 September",2:00 PM,5:00 PM,Web3Finance PULSE,Networking,Free,https://luma.com/bxvses4e,,
"Tue, 30 September",2:00 PM,8:00 PM,Bera Summit,Conference/Summit,Free,https://luma.com/BeraSummit,,
"Tue, 30 September",2:00 PM,7:00 PM,AI Frontier: Exploring the Next Era of Artificial,Conference/Summit,Free,https://luma.com/0G_AI_Frontier_Token2049,,
"Tue, 30 September",2:00 PM,4:00 PM,Building a Clean Universe for On-chain Finance,Conference/Summit,Free,https://luma.com/mlk4hmw0,,
"Tue, 30 September",2:00 PM,6:00 PM,BitRobot Open Robotics & Embodied AI Showcase,Conference/Summit,Free,https://luma.com/c81d52hs,,
"Tue, 30 September",2:00 PM,7:00 PM,OKX Alphas Summit - Singapore,Networking,Free,https://luma.com/o1tbfxw3,,
"Tue, 30 September",2:00 PM,5:00 PM,RWA & PayFi: Bridging TradFi and DeFi,Networking,Free,https://luma.com/x70l9q9v,,
"Tue, 30 September",2:00 PM,6:00 PM,Movement Summit,Conference/Summit,Free,https://luma.com/movement-summit-token2049,,
"Tue, 30 September",2:00 PM,4:00 PM,Vaults Unlocked: Treehouse x Harbinger Digital Adv,Other,Free,https://luma.com/vff6jfmk,,
"Tue, 30 September",2:00 PM,6:00 PM,Fortify Labs Open House,Networking,Free,https://luma.com/FL-OpenHouse,,
"Tue, 30 September",2:00 PM,5:00 PM,Game Trends in the AI Era,Networking,Free,https://luma.com/tc7xe64z,,
"Tue, 30 September",2:00 PM,6:00 PM,The QuBitDEX Trader's Vortex VIP Meetup,Conference/Summit,Free,https://luma.com/lix4or6q,,
"Tue, 30 September",2:00 PM,6:00 PM,"Surf üèÑ‚Äç‚ôÇÔ∏è, Plunge üßä & Soak‚ô® with BlockSpaceForce",Sport,Free,https://luma.com/2cmbh29y,,
"Tue, 30 September",2:00 PM,6:00 PM,TOKEN Week with Tencent Cloud,Conference/Summit,Free,https://luma.com/s2c6wzn4,,
"Tue, 30 September",2:30 PM,7:00 PM,Ethereum Forward: Institutions Meet DeFi & L2s,Conference/Summit,Free,https://luma.com/yzeg7zy2,,
"Tue, 30 September",3:00 PM,8:00 PM,Metamorphosis Connect '25,Networking,Free,https://lu.ma/mmconnect,,
"Tue, 30 September",3:00 PM,7:00 PM,The AI Summit,Conference/Summit,Free,https://luma.com/hs4jsdjc,,
"Tue, 30 September",3:00 PM,10:00 PM,üéÆ Arcadium by Polkadot: Singapore,Networking,Free,https://se.ro/events/-arcadium-by-polkadot-singapore-token2049-792,,
"Tue, 30 September",3:00 PM,6:00 PM,Degen Day Singapore,Networking,Free,https://luma.com/wnz3jyif,,
"Tue, 30 September",3:00 PM,9:00 PM,Codechella by ChatAndBuild Co-hosted by BNB Chain,Conference/Summit,Free,https://luma.com/hno9xswt,,
"Tue, 30 September",3:00 PM,5:30 PM,An Afternoon with ODOS: A Moment Apart ‚ú®ü´ñ,Networking,Free,https://luma.com/7htlzozs,,
"Tue, 30 September",3:15 PM,5:00 PM,The Blockchain Boat @ Clifford Pier,Networking,Free,https://luma.com/blockchainboat,,
"Tue, 30 September",3:30 PM,7:00 PM,Digital Payments: AWS|Chainalysis|Fireblocks|REAP,Networking,Free,https://luma.com/5cckssm9,,
"Tue, 30 September",4:00 PM,8:30 PM,Bowmore x Avalanche  Raise a glass to blockchain,Networking,US$0-5500,https://lu.ma/bowmore_token2049,,
"Tue, 30 September",4:00 PM,8:00 PM,Cayman Crypto Side Event,Networking,Free,https://lu.ma/5cq049kx,,
"Tue, 30 September",4:00 PM,8:00 PM,AI & DePIN Builders,Networking,Free,https://luma.com/a0gdj7eg,,
"Tue, 30 September",4:00 PM,6:00 PM,Vaults Unlocked: Treehouse x Crypto Insights Group,Other,Free,https://luma.com/ais2szuq,,
"Tue, 30 September",4:00 PM,7:00 PM,Prediction & Attention Markets Mixer - with Bites,Party/Dinner,Free,https://luma.com/136mp0nc,,
"Tue, 30 September",4:30 PM,7:00 PM,NEAR x SwapKit x THORSwap Happy Hour,Networking,Free,https://luma.com/4o0887yc,,
"Tue, 30 September",5:00 PM,11:00 PM,Investor Syndicate Night: Web3 Funders Assembly,Networking,Free,https://lu.ma/euw8ttr8,,
"Tue, 30 September",5:00 PM,9:00 PM,Invite Only | Founders & Investors Golf Tournament,Networking,Free,https://lu.ma/vrz603au,,
"Tue, 30 September",5:00 PM,10:00 PM,Stablecoin SKAI-Line by Algorand & Nansen,Networking,Free,https://luma.com/tjpoegwr,,
"Tue, 30 September",5:00 PM,8:00 PM,Founder x VC Summit | Happy Hour | (Day 2),Networking,Free,https://luma.com/s26lk0zj,,
"Tue, 30 September",5:00 PM,12:00 AM,ATH & Ale,Networking,Free,https://luma.com/9zrqo0a6,,
"Tue, 30 September",5:00 PM,8:00 PM,Institutions on Tap,Networking,Free,https://luma.com/b70dco7w,,
"Tue, 30 September",5:00 PM,11:00 PM,MemeFi Side Summit | Singapore,Party/Dinner,Free,https://luma.com/0bc3bedk,,
"Tue, 30 September",5:00 PM,7:00 PM,Crypto Football Night,Sport,Free,https://luma.com/3stvofbq,,
"Tue, 30 September",5:30 PM,10:00 PM,All Generations 2025 Summit,Conference/Summit,Free,https://luma.com/2rp901vu,,
"Tue, 30 September",5:30 PM,8:30 PM,BetterX & CryptoKnights: Yacht Mixer  - Day 1,Networking,Free,https://luma.com/rb894yvp,,
"Tue, 30 September",5:30 PM,7:30 PM,10x Research Get Together,Networking,Free,https://luma.com/jok2gjxw,,
"Tue, 30 September",5:30 PM,9:00 PM,Google Cloud x Polygon Web3 Founders Exchange,Networking,Free,https://luma.com/wu7rru0x/?utm_source=Token2049,,
"Tue, 30 September",5:30 PM,8:00 PM,[After Party] Comma3 Summit 2025 presented by Sui,Networking,Free,https://luma.com/3n2he5a4,,
"Tue, 30 September",6:00 PM,10:00 PM,VCC Demo Day (Private VCs/Investors Yacht),Networking,Free,https://lu.ma/79tq92rq,,
"Tue, 30 September",6:00 PM,10:00 PM,"RWA, Stablecoins, Fusion of Crypto and Stocks",Networking,Free,https://lu.ma/149k0br9?tk=0ULsri,,
"Tue, 30 September",6:00 PM,10:00 PM,DWF Labs Haus: Singapore,Networking,Free,https://lu.ma/DWFLabsHaus-SG2025?utm_source=t2049week&utm_medium=social&utm_campaign=t2049_sg_25,,
"Tue, 30 September",6:00 PM,10:00 PM,Web3 Accountant Meet,Networking,Free,https://lu.ma/v0bgpljh,,
"Tue, 30 September",6:00 PM,10:00 PM,SuiFest Welcome Reception,Networking,Free,https://lu.ma/SuiFestLAVO,,
"Tue, 30 September",6:00 PM,12:00 AM,üá∏üá¨ New Friendship Tech Singapore,Networking,Free,https://luma.com/l8ebtr20,,
"Tue, 30 September",6:00 PM,10:30 PM,VC x Founder Happy Hour,Networking,Free,https://lu.ma/m4v4fj0n,,
"Tue, 30 September",6:00 PM,10:00 PM,deAI Summit 2025 | PundiAI x TGB,Conference/Summit,Free,https://lu.ma/uk0sjczv,,
"Tue, 30 September",6:00 PM,11:00 PM,All Time High. Rooftop & Golf connect,Networking,Free,https://luma.com/f1jkkqey,,
"Tue, 30 September",6:00 PM,9:00 PM,"Block ParTee by Cronos,AWS,ClickHouse & McKay Bros",Networking,Free,https://luma.com/lr8v3jij,,
"Tue, 30 September",6:00 PM,10:00 PM,"üí• HAPPY HOUR w/ Halborn, Casper, Beefy, nReach,üí•",Networking,Free,https://luma.com/token2049sghappyhour,,
"Tue, 30 September",6:00 PM,9:00 PM,Crypto Media Mixer,Networking,Free,https://luma.com/droomdroom,,
"Tue, 30 September",6:00 PM,11:30 PM,RITE RACE by RITE.MOV - Day 2,Other,Free,https://luma.com/h5zw4n3m,,
"Tue, 30 September",6:00 PM,10:00 PM,Bulletproof Trader by Celestia & Bullet,Networking,Free,https://luma.com/bulletproof?tk=UfodWz,,
"Tue, 30 September",6:00 PM,11:00 PM,Confidential Onchain Finance Afterwork,Networking,Free,https://luma.com/zama-meetup-token2049-singap25,,
"Tue, 30 September",6:00 PM,11:00 PM,Immunefi Alpha Night,Networking,Free,https://luma.com/immunefi-token2049-sgp,,
"Tue, 30 September",6:00 PM,10:30 PM,Singapore Skyline: DeFi Meets Real Economy,Networking,Free,https://luma.com/31g50mzq,,
"Tue, 30 September",6:00 PM,11:00 PM,SportFi Voyage w/ Paribu & Chiliz,Networking,Free,https://luma.com/sportfivoyage,,
"Tue, 30 September",6:00 PM,10:30 PM,iExec x Otomato reception - Privacy & Automation,Party/Dinner,Free,https://luma.com/0zuqsyge,,
"Tue, 30 September",6:00 PM,9:00 PM,Institutional Tokenization Infrastructure,Networking,Free,https://luma.com/hruqnb5i,,
"Tue, 30 September",6:00 PM,10:00 PM,Forged on Ronin,Party/Dinner,Free,https://luma.com/zmaemqy5,,
"Tue, 30 September",6:00 PM,10:00 PM,Bridging Assets & Beats ‚Äì RWA Deep Dive+Afterparty,Networking,Free,https://luma.com/985adn3e,,
"Tue, 30 September",6:00 PM,10:00 PM,Injective APAC Tour @Singapore,Networking,Free,https://luma.com/INJAPAC25-SG,,
"Tue, 30 September",6:00 PM,11:30 PM,The Dawn of Distributed AI - Hub x Aethir x Q42,Party/Dinner,Free,https://luma.com/hsshm7wy,,
"Tue, 30 September",6:00 PM,9:30 PM,DeFi Founders Club: Singapore,Networking,Free,https://luma.com/9blz50ur,,
"Tue, 30 September",6:30 PM,9:00 PM,Solidus Compliance Champions Social,Networking,Free,https://www.soliduslabs.com/event/compliance-champions-social-token2049-singapore-2025,,
"Tue, 30 September",6:30 PM,10:30 PM,Tokenization After Dark,Networking,Free,https://luma.com/poth4rng,,
"Tue, 30 September",6:30 PM,10:30 PM,Web3 Circle,Networking,Free,https://luma.com/768b5onk,,
"Tue, 30 September",6:30 PM,10:00 PM,Meet with Ternoa,Networking,Free,https://luma.com/nailzez6,,
"Tue, 30 September",6:30 PM,9:00 PM,Kaia Summit After Party,Party/Dinner,Free,https://luma.com/l7a92axe,,
"Tue, 30 September",6:30 PM,10:00 PM,Vaulted: The Institutional Mixer,Networking,Free,https://luma.com/mdm1a92b,,
"Tue, 30 September",7:00 PM,10:00 PM,Crypto Renaissance: Season of Opportunity,Networking,Free,https://luma.com/37slaqjb,,
"Tue, 30 September",7:00 PM,11:00 PM,Cardano Happy Hour,Networking,Free,https://luma.com/5ceh7zuh?tk=Tsia5h,,
"Tue, 30 September",7:00 PM,10:00 PM,RWAfi.RAW: Singapore 2025,Networking,Free,https://luma.com/mpbh8sp5,,
"Tue, 30 September",7:00 PM,10:00 PM,The Founder's Circle,Party/Dinner,Free,https://luma.com/p1589k3f,,
"Tue, 30 September",7:00 PM,9:00 PM,The KOL Inner Circle,Networking,Free,https://luma.com/rds5zruu,,
"Tue, 30 September",7:00 PM,10:00 PM,The Stablecon Salon: Singapore,Networking,Free,https://luma.com/stableconsalonSG,,
"Tue, 30 September",7:30 PM,11:00 PM,Circle 49: The Private Dinner,Party/Dinner,Free,https://lu.ma/ak4p00xy,,
"Tue, 30 September",8:00 PM,11:00 PM,ATH Night for Crypto & Institutional Executives,Party/Dinner,Free,https://lu.ma/ytn136vf,,
"Tue, 30 September",8:00 PM,12:00 AM,"Exclusive Private Dinner - Fund Managers, LPs, FoF",Party/Dinner,Free,https://luma.com/kpjslz6d,,
"Tue, 30 September",8:00 PM,12:00 AM,Proof of AI - Builder & Influencer Night,Party/Dinner,Free,https://luma.com/ProofAITOKEN2049SG,,
"Tue, 30 September",8:00 PM,11:00 PM,Ignition After Dark: Power Up Web3,Party/Dinner,Free,https://luma.com/9sco590p,,
"Tue, 30 September",8:00 PM,12:00 AM,Funders & Founders Night by Giakaa Capital (7 Nigh - Day 2,Party/Dinner,Free,https://luma.com/jw93wgj5,,
"Tue, 30 September",8:00 PM,10:00 PM,üçú Hot pot with Crypto Nomads and Orb,Party/Dinner,Free,https://cryptonomads.org/TOKEN2049SideEvents2025/-hot-pot-with-crypto-nomads-and-orb-0cN,,
"Tue, 30 September",8:30 PM,11:00 PM,Rooftop Football Night! ‚öΩ,Sport,Free,https://luma.com/a28n11uo,,
"Tue, 30 September",9:00 PM,2:00 AM,RavXY: Rave with EthXY,Party/Dinner,Free,https://luma.com/ravxy,,
"Tue, 30 September",9:00 PM,1:00 AM,Zircuit x Quantstamp x Caladan | Proof of Vibes,Networking,Free,https://luma.com/ProofofVibesatToken,,
"Tue, 30 September",9:00 PM,12:00 AM,TOKEN2049 Origins Hackathon (Day 1),Workshop/Hackathon,Free,https://www.asia.token2049.com/2049-origins,,
"Tue, 30 September",9:00 PM,11:30 PM,Snek Den,Networking,Free,https://luma.com/pk9isd87,,
"Tue, 30 September",10:00 PM,4:30 AM,Crypto Noir:After Party,Party/Dinner,Free,https://lu.ma/692jhb1g,,
"Tue, 30 September",10:00 PM,3:00 AM,"Kraken, EVG, Hedera & Certik Oceanic Night",Party/Dinner,Free,https://lu.ma/bgh15y2i,,
"Wed, 1 October",12:00 AM,12:00 AM,Ethereum Singapore Week - Day 3,Conference/Summit,Free,https://www.ethereum.sg/,,
"Wed, 1 October",12:00 AM,6:00 PM,Bingo Tech x OTC & On/Off-Ramp Leaders Night,Networking,Free,https://luma.com/n04y6t79,,
"Wed, 1 October",5:30 AM,8:30 AM,BetterX & CryptoKnights: Yacht Mixer  - Day 2,Networking,Free,https://luma.com/rb894yvp,,
"Wed, 1 October",7:00 AM,8:00 PM,Milken Asia Summit 2025 - Day 1,Conference/Summit,Free,https://web.cvent.com/event/e051b1be-009e-4a21-a87b-65ff82bd9e8c/summary,,
"Wed, 1 October",7:00 AM,8:00 AM,Workout with 'O Danny - Day 1,Sport,Free,https://forms.gle/tH3wog4gazk3e5dZ7,,
"Wed, 1 October",7:30 AM,6:00 PM,TOKEN2049 Singapore - Day 1,Conference/Summit,US$499,https://www.asia.token2049.com/tickets,,
"Wed, 1 October",7:30 AM,6:00 PM,Base Cafe - Day 1,Other,Free,https://luma.com/o3vex86h/,,
"Wed, 1 October",8:00 AM,10:00 AM,Zero-Dilution Breakfast,Networking,Free,https://lu.ma/4fglrp1c,,
"Wed, 1 October",8:00 AM,10:00 PM,All-Day Network State Co-Working & Evening Meetups - Day 1,Networking,US$20,https://lu.ma/draper-networkstate,,
"Wed, 1 October",8:00 AM,10:00 PM,Web3 Padel League Open,Networking,US$80-99,https://lu.ma/m3xwmps1,,
"Wed, 1 October",8:00 AM,12:00 PM,Oversubscribed Capital Institutional Breakfast 3,Networking,Free,https://lu.ma/ose6yi6a,,
"Wed, 1 October",8:00 AM,6:00 PM,CafeGM by Spacecoin & GSR & UOB Venture Day 1,Networking,Free,https://luma.com/CafeGM_Singapore_1_2025,,
"Wed, 1 October",8:00 AM,9:00 AM,SuiFest Run Club 4K Singapurüá∏üá¨,Sport,Free,https://luma.com/2predhli,,
"Wed, 1 October",8:00 AM,8:00 PM,Alephium Treasure Hunt // Find Fun in Singapore,Other,Free,https://luma.com/cl7qtnou,,
"Wed, 1 October",9:00 AM,11:00 AM,ONE OF US GAMES,Sport,Free,https://lu.ma/7m6nsjng,,
"Wed, 1 October",9:00 AM,6:00 PM,All That Matters 2025 - Day 3,Conference/Summit,US$599-1299,www.allthatmatters.asia,,
"Wed, 1 October",9:00 AM,5:00 PM,Agents Day,Networking,US$0-29,https://lu.ma/agentsday-singapore,,
"Wed, 1 October",9:00 AM,6:00 PM,Stark Cafe | Day 1,Other,Free,https://luma.com/StarkCafeDay1Singapore,,
"Wed, 1 October",9:00 AM,5:00 PM,Coinbase House - Day 1,Networking,Free,https://luma.com/cwm8ap13,,
"Wed, 1 October",9:00 AM,6:00 PM,Meta Earth Global - VIP Lounge - Day 1,Networking,Free,https://luma.com/1tph152r,,
"Wed, 1 October",10:00 AM,12:00 PM,Workshop: Future of Digital Money with CBDCs and S,Workshop/Hackathon,Free,https://lu.ma/4a5yn48b,,
"Wed, 1 October",10:00 AM,8:00 PM,Collably Network - Day 2,Networking,Free,https://t.me/collablynetworkeventbot,,
"Wed, 1 October",10:00 AM,5:00 PM,Secure your Project: Meet CredShields at Singapore - Day 1,Networking,Free,https://luma.com/m8jnjvo7,,
"Wed, 1 October",10:00 AM,12:00 PM,GM Singapore - Breakfast Networking with ZKcandy,Networking,Free,https://luma.com/w76f9qbv,,
"Wed, 1 October",10:30 AM,12:30 PM,Penn and Friends Meetup,Networking,Free,Invite Only,,
"Wed, 1 October",10:30 AM,1:00 PM,Executive Brunch: Future of Digital Assets,Networking,Free,https://luma.com/chainlink-hedera-utila,,
"Wed, 1 October",11:00 AM,5:00 PM,DNA House at TOKEN2049 - Day 1,Networking,Free,https://lu.ma/6p1tly6w,,
"Wed, 1 October",11:00 AM,2:30 PM,Founders & VCs Brunch and Lunch ü•ê üá∏üá¨,Networking,Free,https://lu.ma/1mee0im8,,
"Wed, 1 October",11:00 AM,10:00 PM,Fireblocks House - Day 1,Networking,Free,Invite Only,,
"Wed, 1 October",11:00 AM,2:00 PM,Stable Takes,Networking,Free,https://luma.com/5rpmp82s,,
"Wed, 1 October",11:00 AM,2:30 PM,ACI Confidential: Treehouse x ACI x Lido,Party/Dinner,Free,https://luma.com/vlt66s94,,
"Wed, 1 October",11:00 AM,1:30 PM,Suisterhood x Sui Foundation: Brunch & Leadership,Networking,Free,https://lu.ma/5fw5inbu,,
"Wed, 1 October",11:00 AM,2:00 PM,Hyperliquid Community Brunch,Party/Dinner,Free,https://luma.com/e35mi6m1,,
"Wed, 1 October",11:30 AM,2:30 PM,Tokenization Connect,Networking,Free,https://lu.ma/apanx9rq,,
"Wed, 1 October",11:30 AM,3:30 AM,BitMart CAF√â Day 1,Networking,Free,https://luma.com/iyyf95ey,,
"Wed, 1 October",12:00 PM,3:00 PM,Treasury + TGE Strategy Lounge,Networking,Free,https://luma.com/wfyoxfdb,,
"Wed, 1 October",12:00 PM,2:00 PM,SynFutures & Friends VIP Lunch,Networking,Free,https://luma.com/synfviplunch,,
"Wed, 1 October",1:00 PM,8:00 PM,NextGen AI: Robotics & Agents cohosted with Google,Conference/Summit,Free,https://lu.ma/r3abj8zn,,
"Wed, 1 October",1:00 PM,10:00 PM,PayFi Summit,Conference/Summit,Free,https://lu.ma/6z717qxo,,
"Wed, 1 October",1:00 PM,1:45 PM,Panel: The Future of Stablecoins in Global Finance,Networking,Free,https://luma.com/ncavt6sa,,
"Wed, 1 October",2:00 PM,4:00 PM,Slothspepe Community,Networking,Free,https://lu.ma/lsdoo6qs,,
"Wed, 1 October",2:00 PM,5:00 PM,"SANDHOUSE: THE FUTURE, MADE COZY",Networking,Free,https://lu.ma/l5306k5w,,
"Wed, 1 October",2:00 PM,6:00 PM,Base Builder Showcase,Networking,Free,https://luma.com/i99y6e1v,,
"Wed, 1 October",2:00 PM,4:00 PM,Connect & Build: Networking Tea,Other,Free,https://luma.com/chainlink-hashkey-networking,,
"Wed, 1 October",2:00 PM,5:00 PM,AI X Infra:Building the Next Gen of Crypto Finance,Networking,Free,https://luma.com/fvdu2721,,
"Wed, 1 October",2:00 PM,5:30 PM,Venture Capital Network Investor High-Tea,Networking,Free,https://luma.com/w07e4nqx?locale=en-SG,,
"Wed, 1 October",2:00 PM,6:00 PM,Meet ‚ùúembed in Singapore,Networking,Free,https://luma.com/j86gposp,,
"Wed, 1 October",2:15 PM,6:15 PM,Thought Leaders Summit,Conference/Summit,Free,https://luma.com/dysz8e7m,,
"Wed, 1 October",3:00 PM,8:00 PM,Proof Of Liquidity | LPs & Protocols & Curators,Networking,Free,https://lu.ma/5t1pyozf,,
"Wed, 1 October",3:00 PM,6:00 PM,AVALANCHE HAPPY HOUR,Networking,Free,https://luma.com/AvalancheXToken2049,,
"Wed, 1 October",3:00 PM,6:00 PM,Buidl and Bites,Networking,Free,https://luma.com/c48fvhss,,
"Wed, 1 October",3:00 PM,5:00 PM,SuperDeFi High Tea by OP x Morpho,Networking,Free,https://luma.com/SuperDeFiSG,,
"Wed, 1 October",3:00 PM,7:00 PM,Bitcoin Unlocked: BTCfi on Sui,Networking,Free,https://luma.com/tjp1ucb2,,
"Wed, 1 October",3:30 PM,7:00 PM,Cregis √ó Sumsub | Web3 Finance:  Future of Trust,Conference/Summit,Free,https://luma.com/1eb7zz1q,,
"Wed, 1 October",4:00 PM,6:00 PM,SMA Traders & Allocators: Allo by GenieAI Mixer,Networking,Free,https://lu.ma/665ufa03,,
"Wed, 1 October",4:00 PM,8:00 PM,Bittensor Conclave: Singapore 2025,Conference/Summit,Free,https://lu.ma/0a2ye5or,,
"Wed, 1 October",4:00 PM,5:00 PM,NEXUS Startup Competition - Day 1,Other,Free,https://www.asia.token2049.com/nexus-startup-competition,,
"Wed, 1 October",4:00 PM,9:00 PM,Codechella Sessions: ChatAndBuild x Open Sourced,Networking,Free,https://luma.com/8t2qsvph,,
"Wed, 1 October",4:00 PM,6:00 PM,Vaults Unlocked: Treehouse & Tastemakers,Other,Free,https://luma.com/zi5i2dza,,
"Wed, 1 October",4:00 PM,10:00 PM,Future Finance Lab,Networking,Free,https://luma.com/9d34re9u,,
"Wed, 1 October",4:30 PM,7:00 PM,"NEAR ""Fork That"" Happy Hour",Networking,Free,https://luma.com/neartoken,,
"Wed, 1 October",5:00 PM,8:00 PM,Aptos Sunset Sessions,Networking,Free,https://lu.ma/aptossunset,,
"Wed, 1 October",5:00 PM,8:00 PM,AI x Web3 Executive Summit,Conference/Summit,Free,https://tokenminds.co/events/token2049-2025,,
"Wed, 1 October",5:00 PM,8:00 PM,Proof of Build: Singapore Edition,Networking,Free,https://luma.com/q1hu52e1,,
"Wed, 1 October",5:00 PM,8:00 PM,Passey Presents: Getting You To FIRE,Networking,Free,https://lu.ma/9ijp42zc,,
"Wed, 1 October",5:00 PM,7:30 PM,Solana Convergence,Party/Dinner,Free,https://luma.com/moiwxu10,,
"Wed, 1 October",5:00 PM,8:00 PM,5v5 Football Cup,Sport,Free,https://luma.com/permaweb-cup,,
"Wed, 1 October",5:00 PM,8:00 PM,Google for HR: Mix & Mingle,Party/Dinner,Free,https://luma.com/s9avoh4k,,
"Wed, 1 October",6:00 PM,10:00 PM,Anti Capital Networking Night ‚Äì Singapore Edition,Networking,Free,https://lu.ma/zgj3dape,,
"Wed, 1 October",6:00 PM,9:00 PM,Date With Blockchain - VCs Meet The Best Founders!,Conference/Summit,Free,https://datewithblockchain.com/events/token2049-singapore,,
"Wed, 1 October",6:00 PM,10:00 PM,‚ÄúThe Network Lights Up: Stablecoin In Action‚Äù,Party/Dinner,Free,https://lu.ma/wsya5q4l,,
"Wed, 1 October",6:00 PM,11:00 PM,AI x Data x Web3: Crypto Intelligence at Scale,Party/Dinner,Free,https://lu.ma/y9q7mwfu,,
"Wed, 1 October",6:00 PM,11:00 PM,SIMPLESWAP MOONSHOT CONNECTIONS,Networking,Free,https://lu.ma/dvjsbxxz,,
"Wed, 1 October",6:00 PM,8:30 PM,RWAs Get Real in Singapore,Networking,Free,https://luma.com/p2n5eure,,
"Wed, 1 October",6:00 PM,8:30 PM,Dinner at Six with NewCampus,Party/Dinner,Free,Invite Only,,
"Wed, 1 October",6:00 PM,11:30 PM,RITE RACE by RITE.MOV - Day 3,Other,Free,https://luma.com/h5zw4n3m,,
"Wed, 1 October",6:00 PM,10:00 PM,Non-fungible Singapore 2025: To Infinity & Beyond,Party/Dinner,Free,https://luma.com/n2osx5v2,,
"Wed, 1 October",6:00 PM,8:00 PM,Dogelonmars,Party/Dinner,Free,https://luma.com/uclg5u7k,,
"Wed, 1 October",6:00 PM,9:00 PM,"Private Gathering for Investors, Family Offices &",Party/Dinner,Free,https://luma.com/hjc6ezx2,,
"Wed, 1 October",6:00 PM,8:00 PM,Paravel.xyz Launch & Networking Drinks,Networking,Free,https://luma.com/de8u8h7m,,
"Wed, 1 October",6:00 PM,10:00 PM,Kaito Homecoming,Party/Dinner,Free,https://luma.com/k1xizi0w,,
"Wed, 1 October",6:00 PM,8:30 PM,The Path Forward: Tokenized Securities,Conference/Summit,Free,https://luma.com/s66gcs8w,,
"Wed, 1 October",6:00 PM,2:00 AM,Meta Crypto Oasis: DeFi 3.0 & DAT Night,Party/Dinner,Free,https://luma.com/ie0lufvu,,
"Wed, 1 October",6:00 PM,9:00 PM,"Puppies, Cocktails, Dinner, Darts and Raffle Prize",Party/Dinner,Free,https://luma.com/kg460thk,,
"Wed, 1 October",6:00 PM,9:00 PM,Chainlink Evening Exchange with GSR + UU Wallet,Networking,Free,https://luma.com/3kzqlnas,,
"Wed, 1 October",6:00 PM,9:00 PM,Solana & Sake Ecosystem Networking Mixer by Auros,Networking,Free,https://luma.com/sq4y5dgc,,
"Wed, 1 October",6:00 PM,11:00 PM,$MEME RECHARGE STATION By Memeland,Party/Dinner,Free,https://luma.com/k6kqofyk,,
"Wed, 1 October",6:00 PM,10:00 PM,Rad New World,Networking,Free,https://luma.com/q1cmf5ry,,
"Wed, 1 October",6:00 PM,10:00 PM,CoinRoutes X Grvt Exclusive Soir√©e Singa,Networking,Free,https://luma.com/w9ja0pbg,,
"Wed, 1 October",6:30 PM,10:30 PM,Token of Love Music Festival,Party/Dinner,Free,https://lu.ma/r8p246v8,,
"Wed, 1 October",6:30 PM,9:30 PM,Blockchain Institutional Mixer by Ripple & IR,Networking,Free,https://ripple-ir-hr-mixer.splashthat.com,,
"Wed, 1 October",6:30 PM,9:30 PM,Agents Unleashed: The Next Wave,Conference/Summit,Free,https://lu.ma/h0zgn96s,,
"Wed, 1 October",6:30 PM,11:30 PM,DePIN,Networking,Free,https://lu.ma/DePIN,,
"Wed, 1 October",6:30 PM,8:00 PM,Innovative 90mins-Networking-Ride on Wheels,Networking,US$50.6-53.9,https://www.eventbrite.com/e/innovative-90mins-networking-ride-on-wheels-for-post-token2049-tickets-1645918318999?aff=ebdsshother&utm_share_source=listing_android&sg=284785a4c3b5b47378ee83d7a8c01da445bb520bdec0d10602b4accb04d686dbb60ae759b6bc8c0a64fecc1fad11603ac8b137c7adcc0e86fe7ea893fbc41dfedc19262442ff327f4b366b1e95,,
"Wed, 1 October",6:30 PM,9:30 PM,Poolside Soir√©e @TOKEN2049 Singapore,Networking,Free,https://lu.ma/j77dahit,,
"Wed, 1 October",6:30 PM,9:30 PM,FameEX Yacht Night ‚Äî Maybe You‚Äôre the One - Day 1,Party/Dinner,Free,https://luma.com/tk2kqh5s,,
"Wed, 1 October",6:30 PM,9:30 PM,Crypto Journalists Meetup by ACJR,Party/Dinner,Free,https://luma.com/acjr2025,,
"Wed, 1 October",6:30 PM,11:30 PM,All About That Base,Party/Dinner,Free,https://luma.com/m2dq0644,,
"Wed, 1 October",6:30 PM,9:00 PM,Solana DePIN Founders Dinner,Party/Dinner,Free,https://luma.com/mn0hy26l,,
"Wed, 1 October",7:00 PM,10:00 PM,Institutional Soir√©e @ TOKEN2049 w/ Halborn,Party/Dinner,Free,https://lu.ma/token2049institutionalsoiree,,
"Wed, 1 October",7:00 PM,11:00 PM,Cardano VIP After Hours with EMURGO and IOG,Networking,Free,https://lu.ma/ulgi0z6d,,
"Wed, 1 October",7:00 PM,11:00 PM,Zoomex | Tap the Future Night,Party/Dinner,Free,https://lu.ma/5bhzm5xz,,
"Wed, 1 October",7:00 PM,10:00 PM,Web3 Finance Dinner - 20 spots only,Party/Dinner,Free,https://luma.com/c6w0llsm,,
"Wed, 1 October",7:00 PM,10:30 PM,VIP Dinner by P2P.org,Networking,Free,https://luma.com/pg872u6t,,
"Wed, 1 October",7:00 PM,11:00 PM,DCG & Friends Karaoke,Party/Dinner,Free,https://luma.com/rnvouct5,,
"Wed, 1 October",7:00 PM,10:00 PM,"The Big Drop Ft. Boon, B3, FORTE",Networking,Free,https://luma.com/cjoe8wam,,
"Wed, 1 October",7:00 PM,11:00 PM,Mantle Mixer @ ArtScience Museum,Networking,Free,https://luma.com/vdb1nm9x,,
"Wed, 1 October",7:00 PM,10:00 PM,TOKEN2049 SAP Holders Evening w/ Audemars Piguet,Party/Dinner,Free,Invite Only,,
"Wed, 1 October",7:00 PM,12:00 AM,Stars in the Sky: Singapore Edition,Party/Dinner,Free,https://luma.com/starsintheskysg,,
"Wed, 1 October",7:00 PM,9:00 PM,The OTC Alpha Connect,Networking,Free,https://luma.com/70cahjme,,
"Wed, 1 October",7:00 PM,11:00 PM,"Speakeasy Social by Red Beard Ventures,",Party/Dinner,Free,https://luma.com/8gotq7qj,,
"Wed, 1 October",7:30 PM,1:00 AM,CoinUp - Four Years Forward,Party/Dinner,Free,https://luma.com/py5y9r37,,
"Wed, 1 October",7:30 PM,5:00 AM,Blockchain Culture Night | Singapore,Networking,Free,https://luma.com/vrf3tw2p,,
"Wed, 1 October",8:00 PM,3:30 AM,Algorhythm v2,Networking,Free,https://luma.com/algorhythm-v2,,
"Wed, 1 October",8:00 PM,1:00 AM,Aptos After Hours,Party/Dinner,Free,https://lu.ma/aptosafterhourssg,,
"Wed, 1 October",8:00 PM,11:00 PM,The Nomination: Official Nomina Launch Party,Party/Dinner,Free,https://luma.com/9cs13csg,,
"Wed, 1 October",8:00 PM,12:00 AM,"1MAX VIP Cocktail Night - Degens, VCs & Investors",Party/Dinner,Free,https://luma.com/zs8crrfe,,
"Wed, 1 October",8:00 PM,11:00 PM,MICHELIN x Opensea Dinner,Party/Dinner,Free,https://luma.com/je89ztlz,,
"Wed, 1 October",8:00 PM,12:00 AM,Funders & Founders Night by Giakaa Capital (7 Nigh - Day 3,Party/Dinner,Free,https://luma.com/jw93wgj5,,
"Wed, 1 October",8:00 PM,12:00 AM,Next-Level Trading ¬∑ Infinite Lifestyle: UZX VIP N,Party/Dinner,Free,https://luma.com/cq8xkhmb,,
"Wed, 1 October",8:00 PM,10:30 PM,Skyline Drop @ C√© La Vi,Networking,Free,https://luma.com/k8cbn6wg,,
"Wed, 1 October",9:00 PM,12:00 AM,The Bitcoin Speakeasy | TOKEN2049,Party/Dinner,Free,https://lu.ma/z6zbz1rj,,
"Wed, 1 October",9:00 PM,2:00 AM,Wizards in Singapore,Party/Dinner,Free,https://luma.com/y22atp5e,,
"Wed, 1 October",10:00 PM,3:00 AM,CRYPTOZONIC ZOUK SG,Party/Dinner,US$0-20,https://luma.com/x0cnwvg6,,
"Thu, 2 October",12:00 AM,12:00 AM,Ethereum Singapore Week - Day 4,Conference/Summit,Free,https://www.ethereum.sg/,,
"Thu, 2 October",7:00 AM,8:00 PM,Milken Asia Summit 2025 - Day 2,Conference/Summit,Free,https://web.cvent.com/event/e051b1be-009e-4a21-a87b-65ff82bd9e8c/summary,,
"Thu, 2 October",7:00 AM,8:00 AM,Workout with 'O Danny - Day 2,Sport,Free,https://forms.gle/tH3wog4gazk3e5dZ7,,
"Thu, 2 October",7:30 AM,6:00 PM,TOKEN2049 Singapore - Day 2,Conference/Summit,US$499,https://www.asia.token2049.com/tickets,,
"Thu, 2 October",7:30 AM,8:30 AM,ONE OF US Run & Coffee - 02/10,Sport,Free,https://lu.ma/dxowe44i,,
"Thu, 2 October",7:30 AM,6:00 PM,Base Cafe - Day 2,Other,Free,https://luma.com/o3vex86h,,
"Thu, 2 October",7:30 AM,9:00 AM,AM Run & Workout w/ Bankless VC,Sport,Free,https://luma.com/0w07rkgf,,
"Thu, 2 October",7:30 AM,8:30 AM,Spicy 5K Run with Chiliz,Sport,Free,https://luma.com/xvou515v,,
"Thu, 2 October",8:00 AM,10:00 PM,All-Day Network State Co-Working & Evening Meetups - Day 2,Networking,US$20,https://lu.ma/draper-networkstate,,
"Thu, 2 October",8:00 AM,12:00 PM,Oversubscribed Capital Institutional VIP Breakfast,Networking,Free,https://lu.ma/726zdzcu,,
"Thu, 2 October",8:00 AM,10:00 AM,On-Chain Horizons: Founders x Funders,Networking,Free,https://luma.com/7enb9hl0,,
"Thu, 2 October",8:00 AM,6:00 PM,Cafe GM by Spacecoin & GSR & UOB Venture Day 2,Networking,Free,https://luma.com/CafeGM_Singapore_2_2025,,
"Thu, 2 October",8:30 AM,12:00 AM,AgileGTM PITCH STATION,Networking,Free,https://luma.com/leqw5840,,
"Thu, 2 October",8:30 AM,9:30 AM,Digital Asset Treasury Strategies Breakfast,Other,Free,https://luma.com/mohqux5a,,
"Thu, 2 October",9:00 AM,6:00 PM,Investor Forum Singapore,Networking,Free,https://app.vntr.vc/dl/6471c6/s/4ed487/r/gc0AKRuESbuGC2vz7p3Ksw?ref=6q0mxqasSxi2NA4l6uG.GA,,
"Thu, 2 October",9:00 AM,6:00 PM,Stablecoin Summit Singapore 2025,Conference/Summit,US$200,https://tickets.stablecoinsummit.com/,,
"Thu, 2 October",9:00 AM,12:00 PM,Back The Buidlers: Finding the Next Satoshi Token,Networking,Free,https://lu.ma/33p3mdwh,,
"Thu, 2 October",9:00 AM,6:00 PM,Hack Seasons Conference Singapore,Conference/Summit,Free,https://lu.ma/hack_sg,,
"Thu, 2 October",9:00 AM,11:00 AM,ONE OF US lift & Coffee - 02/10,Sport,Free,https://lu.ma/zug3ii92,,
"Thu, 2 October",9:00 AM,1:00 PM,The Pickleball Breakfast Club üá∏üá¨,Sport,Free,https://lu.ma/25b93x6x,,
"Thu, 2 October",9:00 AM,1:00 PM,Web Proof of Resilience (Ice Immersion),Networking,Free,https://lu.ma/dca5aw96,,
"Thu, 2 October",9:00 AM,11:00 AM,OTC Dealmakers: Coffee & Capital (Singapore),Networking,Free,https://lu.ma/fthd3na8,,
"Thu, 2 October",9:00 AM,12:00 PM,dApp Founder Playbook: Building For Adoption,Other,Free,https://luma.com/ew7lp9s9,,
"Thu, 2 October",9:00 AM,12:00 PM,Breakfast w Utila|Chainalysis|Psalion|Definitive,Networking,Free,https://luma.com/f9srki0n,,
"Thu, 2 October",9:00 AM,6:00 PM,Stark Cafe | Day 2,Other,Free,https://luma.com/StarkCafeDay2Singapore,,
"Thu, 2 October",9:00 AM,11:00 AM,OTC Dealmakers: Coffee and Capital,Networking,Free,https://luma.com/fthd3na8,,
"Thu, 2 October",9:00 AM,11:00 AM,Padel with Kroll and  Winston & Strawn LLP,Sport,Free,https://view.kroll.com/PadelEventSG?utm_campaign=APAC_RA_RES_2509_EVT_Padel_Event_WS&utm_medium=email&utm_source=Eloqua,,
"Thu, 2 October",9:00 AM,12:00 PM,RWA Leaders Breakfast,Networking,Free,https://luma.com/stymt6vz,,
"Thu, 2 October",9:00 AM,5:00 PM,Coinbase House - Day 2,Networking,Free,https://luma.com/cwm8ap13/,,
"Thu, 2 October",9:00 AM,6:00 PM,Meta Earth Global - VIP Lounge - Day 2,Networking,Free,https://luma.com/1tph152r,,
"Thu, 2 October",9:30 AM,11:59 AM,Web3 Infra Breakfast,Networking,Free,https://luma.com/Web3InfraSG,,
"Thu, 2 October",10:00 AM,7:00 PM,SuiFest,Conference/Summit,Free,https://lu.ma/SuiFest,,
"Thu, 2 October",10:00 AM,3:00 PM,"LONGITUDE by Cointelegraph, 6th edition",Conference/Summit,Free,https://lu.ma/edh8m906,,
"Thu, 2 October",10:00 AM,5:00 PM,Unite DeFi Singapore,Conference/Summit,Free,https://luma.com/unitedefi,,
"Thu, 2 October",10:00 AM,3:00 PM,SVM Summit Singapore,Conference/Summit,Free,https://luma.com/svmsingapore,,
"Thu, 2 October",10:00 AM,5:00 PM,Secure your Project: Meet CredShields at Singapore - Day 2,Networking,Free,https://luma.com/m8jnjvo7,,
"Thu, 2 October",10:00 AM,12:00 PM,Vaults Unlocked: Treehouse & Partners,Other,Free,https://luma.com/9655mo79,,
"Thu, 2 October",10:00 AM,2:00 PM,"VeriFi : VIP Brunch, KGeN x MomentumX Global",Networking,Free,https://luma.com/KGEN_SG,,
"Thu, 2 October",10:30 AM,1:00 PM,IOTA x Salus: Connecting Commodities to Capital,Networking,Free,https://luma.com/salusIOTA,,
"Thu, 2 October",11:00 AM,5:00 PM,DNA House at TOKEN2049 - Day 2,Networking,Free,https://lu.ma/6p1tly6w,,
"Thu, 2 October",11:00 AM,10:00 PM,Fireblocks House - Day 2,Networking,Free,Invite Only,,
"Thu, 2 October",11:00 AM,3:00 PM,UBEX Traders' Brunch,Networking,Free,https://luma.com/4r110hp8?tk=HGMuS7,,
"Thu, 2 October",11:00 AM,2:00 PM,RWA Unfiltered - Hot Takes and Hard Truths,Networking,Free,https://luma.com/g5nut7bg,,
"Thu, 2 October",11:00 AM,2:00 PM,Exclusive Digital Asset Treasury Brunch - Altuva,Networking,Free,https://luma.com/x6bzskwf,,
"Thu, 2 October",11:30 AM,3:30 AM,BitMart CAF√â Day 2,Networking,Free,https://luma.com/rj9lh3g7,,
"Thu, 2 October",12:00 PM,5:00 PM,xStocks Summit,Conference/Summit,Free,https://lu.ma/0wccy8km,,
"Thu, 2 October",12:00 PM,2:00 PM,Government Blockchain Academy Unveiling & Luncheon,Other,Free,https://luma.com/6zw4qy1n,,
"Thu, 2 October",12:00 PM,3:00 PM,Pivot x Google Cloud -Founders & Investors Connect,Networking,Free,https://luma.com/ca4yexa5,,
"Thu, 2 October",1:00 PM,4:00 PM,The Assembly: Women Shaping Web3,Networking,Free,https://lu.ma/yk7kb27k,,
"Thu, 2 October",1:00 PM,5:00 PM,Base: Ignite your FIRE,Networking,Free,https://luma.com/hii21nsh,,
"Thu, 2 October",1:00 PM,5:00 PM,AID Defi x AI Summit,Conference/Summit,Free,https://luma.com/ki2ld8ag,,
"Thu, 2 October",1:00 PM,6:00 PM,Deep Intelligence Ethereum w/ Hetu & Nethermind,Conference/Summit,Free,https://luma.com/imwss56d,,
"Thu, 2 October",1:00 PM,5:00 PM,Kaia Dev Connect with Google Cloud,Conference/Summit,Free,https://luma.com/4k4jn5sd,,
"Thu, 2 October",1:15 PM,4:30 PM,gm AI ‚Äî Builders / Founders Connecting & Open Mic,Networking,Free,https://lu.ma/kp8w6yu2,,
"Thu, 2 October",2:00 PM,4:00 PM,"Build, Launch & Manage Your Token ‚Äì Founders & VCs",Workshop/Hackathon,Free,https://lu.ma/602py4w2,,
"Thu, 2 October",2:00 PM,5:00 PM,Brew & BrAIve: Where AI Meets Web3 Over Coffee & B,Networking,Free,https://luma.com/Brew_and_brAIve_Token2049_Singapore,,
"Thu, 2 October",2:00 PM,8:30 PM,Web3 Grant Day #3 - by 0xLabs & iExec,Networking,Free,https://luma.com/kj46164j,,
"Thu, 2 October",2:00 PM,11:00 PM,Lightning2049,Networking,Free,https://luma.com/4wg99vzx,,
"Thu, 2 October",2:00 PM,6:00 PM,PayFi RewriteÔºöBuilding Trust for Next-Gen Payments,Conference/Summit,Free,https://luma.com/d8p3ugek,,
"Thu, 2 October",2:00 PM,5:00 PM,The Sanctuary by World of Women,Other,Free,https://luma.com/wowtoken2049,,
"Thu, 2 October",2:00 PM,5:00 PM,Digital Asset Nexus: Unlocking Value in RWA & DAT,Networking,Free,https://luma.com/0a05g3xt,,
"Thu, 2 October",2:00 PM,4:00 PM,Code OFF - Connect ON: Chainlink x Aptos Meetup,Other,Free,https://luma.com/chainlink-aptos-meetup,,
"Thu, 2 October",2:00 PM,6:00 PM,Impactful Connections: Founders&Investors Hideout,Networking,Free,https://luma.com/2aitx9c4,,
"Thu, 2 October",2:00 PM,5:00 PM,CryptoMondays Singapore,Networking,Free,https://bit.ly/CMSG25,,
"Thu, 2 October",2:30 PM,6:00 PM,SuperConnect SG 2025,Networking,Free,https://lu.ma/e75uwh8w,,
"Thu, 2 October",2:30 PM,6:30 PM,Degen Grand Prix 2025,Sport,Free,https://luma.com/se5gr2y0,,
"Thu, 2 October",3:00 PM,6:00 PM,Convergence Singapore,Party/Dinner,Free,https://lu.ma/6tgeozv2,,
"Thu, 2 October",3:00 PM,4:00 PM,NEXUS Startup Competition - Day 2,Other,Free,https://www.asia.token2049.com/nexus-startup-competition,,
"Thu, 2 October",3:00 PM,6:00 PM,Token Sale Summit for Founders and Professional,Conference/Summit,Free,https://luma.com/rmwm5ptn,,
"Thu, 2 October",3:00 PM,6:00 PM,OBLIQUE - An Aerial Experience,Networking,Free,https://luma.com/bdffxyyt,,
"Thu, 2 October",3:00 PM,6:00 PM,DeFi & Drinks: FalconX | Fordefi | Kinetiq,Networking,Free,https://luma.com/8ctpjvut,,
"Thu, 2 October",3:00 PM,6:00 PM,QUIT PLAYIN' WITH ME,Networking,Free,https://luma.com/xd66kcui,,
"Thu, 2 October",3:00 PM,7:00 PM,Ammalgam x Sonic Labs x Gaib AI Go-Karting,Sport,Free,https://luma.com/sk98nqjf,,
"Thu, 2 October",3:30 PM,6:00 PM,Real World DeFi Yield on Solana,Networking,Free,https://luma.com/rwa_defi_yield,,
"Thu, 2 October",3:30 PM,6:00 PM,BUILDERS SHOWCASE,Workshop/Hackathon,Free,https://luma.com/token2049-showcase?tk=W7C42c,,
"Thu, 2 October",4:00 PM,7:30 PM,OG Founders Mixer | AI x Web3 Edition,Party/Dinner,Free,https://lu.ma/ia5oxlks?utm_source=token2049website,,
"Thu, 2 October",4:00 PM,8:00 PM,Arweave Day Asia 2025,Networking,Free,https://lu.ma/ArweaveDayAsia25,,
"Thu, 2 October",4:00 PM,11:00 PM,NextGen Summit,Conference/Summit,Free,https://luma.com/n7ptm1is,,
"Thu, 2 October",5:00 PM,8:00 PM,Founders & KOLs Yacht Party,Party/Dinner,Free,https://lu.ma/zz1cou7y,,
"Thu, 2 October",5:00 PM,7:00 PM,Treasury in Motion: Gibson Dunn x Zodia,Networking,Free,Invite Only,,
"Thu, 2 October",5:00 PM,9:00 PM,Paws & Pints Singapore,Networking,Free,https://luma.com/ttopabdd,,
"Thu, 2 October",5:00 PM,7:30 PM,ICM (Intenet Capital Markets) powered by Meteora,Party/Dinner,Free,https://luma.com/metICM,,
"Thu, 2 October",5:00 PM,12:00 AM,Solana Flow ‚Äî Side Event,Networking,Free,https://luma.com/0ny3exnf,,
"Thu, 2 October",5:00 PM,9:00 PM,Build X ‚Äî Genesis Night with DeFi Giants,Party/Dinner,Free,https://luma.com/BuildXGenesisNight,,
"Thu, 2 October",5:30 PM,9:30 PM,Crypto Edge Cocktail,Networking,Free,https://luma.com/gd77mldt,,
"Thu, 2 October",5:30 PM,8:00 PM,Scale & Connect: A Web3 Mixer by Google Cloud,Networking,Free,https://luma.com/3ceromhq,,
"Thu, 2 October",6:00 PM,9:00 PM,The Digital Capital Exchange,Networking,Free,Invite-Only,,
"Thu, 2 October",6:00 PM,12:00 AM,IOTA 10 Year Anniversary,Networking,Free,#N/A,,
"Thu, 2 October",6:00 PM,9:00 PM,Founder x VC Summit | Closing Party | (Day 3),Party/Dinner,Free,https://luma.com/bi1r8d5l,,
"Thu, 2 October",6:00 PM,11:00 PM,Crypto Skies - An Exclusive Rooftop Evening,Networking,Free,https://luma.com/n9z8uac0,,
"Thu, 2 October",6:00 PM,2:00 AM,JuVibe -I'mpossible Night,Party/Dinner,Free,https://luma.com/tioldm0i,,
"Thu, 2 October",6:00 PM,11:30 PM,RITE RACE by RITE.MOV - Day 4,Other,Free,https://luma.com/h5zw4n3m,,
"Thu, 2 October",6:00 PM,11:00 PM,"Sinners to Winners with 0x, Slash & Aave",Networking,Free,https://luma.com/sinners2winners,,
"Thu, 2 October",6:00 PM,7:00 PM,"The Psychology of Trading, Vias Nicolaides, Ph.D.",Other,Free,https://forms.gle/G83WqaiMJC7FAR6Q8,,
"Thu, 2 October",6:00 PM,11:00 PM,NEXT STOP: MOON by Trust Wallet,Party/Dinner,Free,https://luma.com/smgdw6md,,
"Thu, 2 October",6:00 PM,9:00 PM,Stablecoin Dinner w/ Verda Ventures & MiniPay,Party/Dinner,Free,https://luma.com/niu0fjp5,,
"Thu, 2 October",6:00 PM,10:00 PM,Deal Wiv It: Exclusive Gathering,Networking,Free,https://luma.com/fpni5r85,,
"Thu, 2 October",6:00 PM,9:00 PM,Extended Rooftop Bar // Traders Meetup,Networking,Free,https://luma.com/kyxf11hb,,
"Thu, 2 October",6:00 PM,10:00 PM,Make It Trade Cocktail,Party/Dinner,Free,https://luma.com/9mkwxylk,,
"Thu, 2 October",6:00 PM,10:00 PM,Cloud & AI Web3 Mixer,Networking,Free,https://luma.com/x8uprvj8,,
"Thu, 2 October",6:30 PM,9:30 PM,Your Total Trading Solution - Singapore,Networking,Free,https://luma.com/yiid6ff6,,
"Thu, 2 October",6:30 PM,11:30 PM,HTX DAO x TRON AFTERPARTY,Party/Dinner,Free,https://luma.com/e5bnyeq9,,
"Thu, 2 October",6:30 PM,9:30 PM,FameEX Yacht Night ‚Äî Maybe You‚Äôre the One - Day 2,Party/Dinner,Free,https://luma.com/tk2kqh5s,,
"Thu, 2 October",6:30 PM,9:30 PM,Momentum VIP Dinner (Invite-Only),Party/Dinner,Free,https://luma.com/qhm880eg,,
"Thu, 2 October",7:00 PM,10:00 PM,QUBIC DOMINATION MODE: ENGAGED!,Networking,Free,https://luma.com/d1fm5sdm,,
"Thu, 2 October",7:00 PM,12:00 AM,The Whispers / Jazz & Cigars,Networking,Free,https://luma.com/hwh0urgk,,
"Thu, 2 October",7:00 PM,10:00 PM,The Crypto VCs üõ≥Ô∏è YACHT in Singapore,Party/Dinner,US$0-1500,https://lu.ma/su901zrw,,
"Thu, 2 October",7:00 PM,10:00 PM,Liquidity Lounge,Party/Dinner,Free,https://luma.com/0r0xzu8l,,
"Thu, 2 October",7:00 PM,11:00 PM,"BFF, BOS, CS & Friends",Networking,Free,https://luma.com/jtk62dg8,,
"Thu, 2 October",7:00 PM,9:30 PM,Yom Kippur x Maxy: The VIP Break-Fast Dinner,Party/Dinner,Free,https://luma.com/izslf4fu,,
"Thu, 2 October",7:30 PM,10:30 PM,The Builders' Hour w/ QuickNode + Space and Time,Party/Dinner,Free,https://lu.ma/qn-spacetime-token49,,
"Thu, 2 October",7:30 PM,11:30 PM,"Rooftop Night with Blockstreet, GUNZ and Morningst",Party/Dinner,Free,https://luma.com/block-gunz-morningstar,,
"Thu, 2 October",8:00 PM,11:00 PM,The Afterglow by CoinW,Party/Dinner,Free,https://lu.ma/j4pqh1fl,,
"Thu, 2 October",8:00 PM,1:00 AM,CIGARS & WHISKEY NIGHT - Day 2,Networking,Free,https://luma.com/178fuhw6,,
"Thu, 2 October",8:00 PM,11:00 PM,midnight plates: singapore‚Äôs hawker hidden gems,Party/Dinner,Free,https://luma.com/hu1tsxh3,,
"Thu, 2 October",8:00 PM,11:00 PM,FHE Dinner: Confidential Onchain Finance,Party/Dinner,Free,Invite Only,,
"Thu, 2 October",8:00 PM,1:00 AM,Become 1,Party/Dinner,Free,https://luma.com/become1,,
"Thu, 2 October",8:00 PM,12:00 AM,Funders & Founders Night by Giakaa Capital (7 Nigh - Day 4,Party/Dinner,Free,https://luma.com/jw93wgj5,,
"Thu, 2 October",9:00 PM,4:00 AM,All Time High | Phemex x Tealstreet x Pulse | RASA,Party/Dinner,Free,https://luma.com/cbn9d3ty,,
"Thu, 2 October",9:00 PM,2:00 AM,Humanity & Tashi Official Lounge,Party/Dinner,Free,https://luma.com/ukt3d748,,
"Thu, 2 October",9:30 PM,1:00 AM,KAST Solid Gold Party,Party/Dinner,Free,https://luma.com/0lce7z46,,
"Thu, 2 October",10:00 PM,2:00 AM,Open AGI Dance Party Singapore,Party/Dinner,Free,https://luma.com/glcr93bb,,
"Thu, 2 October",10:30 PM,2:30 AM,VC X Founder Night (INVITE ONLY),Party/Dinner,Free,https://lu.ma/1uc4qici,,
"Fri, 3 October",12:00 AM,12:00 AM,Ethereum Singapore Week - Day 5,Conference/Summit,Free,https://www.ethereum.sg/,,
"Fri, 3 October",7:00 AM,8:00 PM,Milken Asia Summit 2025 - Day 3,Conference/Summit,Free,https://web.cvent.com/event/e051b1be-009e-4a21-a87b-65ff82bd9e8c/summary,,
"Fri, 3 October",7:45 AM,9:15 AM,Stable Run by Transak - Friday,Sport,Free,https://luma.com/dbzl1iv1,,
"Fri, 3 October",8:00 AM,12:00 PM,VIP Institutional Crypto Breakfast - 3rd Oct,Networking,Free,https://lu.ma/f7va8kkn,,
"Fri, 3 October",8:30 AM,1:00 PM,Digital Assets Across the Investment Landscape,Conference/Summit,Free,https://lu.ma/j14za0c8,,
"Fri, 3 October",8:30 AM,12:00 PM,EEA √ó EY - Enterprise & Ethereum,Conference/Summit,US$20,https://luma.com/phg6yiwp,,
"Fri, 3 October",8:30 AM,11:00 AM,F1 PreRace Rooftop: Institutional RWA & Stablecoin,Networking,Free,https://luma.com/rvgq7f1p,,
"Fri, 3 October",9:00 AM,8:00 PM,The Network State Conference,Conference/Summit,US$99,https://lu.ma/ns2025,,
"Fri, 3 October",9:00 AM,7:00 PM,Open Intelligence Day,Conference/Summit,Free,https://luma.com/8f6zob2d,,
"Fri, 3 October",9:00 AM,4:00 PM,Global Digital Assets Investment Summit - Day 1,Conference/Summit,US$499,https://globaldigitalassetssummit.com/,,
"Fri, 3 October",9:00 AM,12:00 PM,BALLN in Singapore,Sport,Free,https://luma.com/5i7q7m9k,,
"Fri, 3 October",10:00 AM,6:00 PM,DePinDay Singapore,Conference/Summit,Free,https://lu.ma/depin-day-sin,,
"Fri, 3 October",10:00 AM,12:00 PM,Lightning Strike: Muay Thai Workout,Sport,Free,https://luma.com/sqf6z4af,,
"Fri, 3 October",10:00 AM,7:00 PM,The Scaling Summit by 499,Conference/Summit,Free,https://lu.ma/TheScaling2049Singapore,,
"Fri, 3 October",10:00 AM,2:00 PM,Hack the Intelligence: Transform on BNB Chain,Workshop/Hackathon,Free,https://luma.com/HackIntelligenceBNB,,
"Fri, 3 October",10:00 AM,1:00 PM,DYDX & Tealstreet | Leveraged Brunch & Billiards,Party/Dinner,Free,https://luma.com/2naotpbm,,
"Fri, 3 October",10:00 AM,12:30 PM,Tezos Breakfast Club Singapore,Networking,Free,https://luma.com/tezos-breakfast-club-singapore,,
"Fri, 3 October",10:30 AM,1:00 PM,Friends of Magna Brunch üá∏üá¨,Networking,Free,https://luma.com/7cfof7sn,,
"Fri, 3 October",11:00 AM,1:00 PM,Ice Bath Retreat: Recovery from the Glacier Drop,Networking,Free,https://lu.ma/9tojk71s,,
"Fri, 3 October",11:00 AM,3:00 PM,HypurrCo Gathers,Networking,Free,https://luma.com/lxmncmkq,,
"Fri, 3 October",11:00 AM,6:00 PM,Scaling Impact Stage by 499 & Avinasi Labs & BGA,Conference/Summit,Free,https://luma.com/ScalingImpact,,
"Fri, 3 October",11:00 AM,2:00 PM,Proof of Party: Brew. Rave. ACTIV8. Singapore,Party/Dinner,Free,https://luma.com/r00adt89,,
"Fri, 3 October",11:00 AM,1:00 PM,Angland - Fish2Earn - Exclusive VIP Lunch,Party/Dinner,Free,https://luma.com/emgasd7m,,
"Fri, 3 October",11:00 AM,1:00 PM,WunderTrading Community Meetup,Networking,Free,https://luma.com/kyy9hhm8,,
"Fri, 3 October",12:00 PM,3:00 PM,Talent <> Connect: Career Fair,Networking,Free,https://lu.ma/71x59g0g,,
"Fri, 3 October",12:00 PM,4:00 PM,Metamorphosis Luxury Yacht '25 üö§,Networking,US$149-249,https://luma.com/mmyacht,,
"Fri, 3 October",12:00 PM,3:00 PM,Network <> Connect - Powered by Arbitrum,Networking,Free,https://luma.com/arbitrum-network-connect,,
"Fri, 3 October",1:00 PM,3:30 PM,Capital Bridge: VC √ó Startup Alignment,Workshop/Hackathon,Free,https://lu.ma/qf5xva7c,,
"Fri, 3 October",1:30 PM,3:00 PM,BlockCon 2025 Singapore,Networking,Free,https://luma.com/00cck832,,
"Fri, 3 October",1:30 PM,6:00 PM,"TONgether, powered by STON.fi",Networking,Free,https://luma.com/sxrnxawb,,
"Fri, 3 October",1:45 PM,6:45 PM,WEB300 PROFESSIONALS,Conference/Summit,US$0-140,https://luma.com/cki239hd,,
"Fri, 3 October",2:00 PM,11:00 PM,ADI at the F1 Sky Suite,Party/Dinner,Free,https://luma.com/ghcnt4gf,,
"Fri, 3 October",2:00 PM,5:00 PM,Cloudflare presents LLM&AI Destruction : Hidden Ri,Networking,Free,https://luma.com/zuo5iexd,,
"Fri, 3 October",2:30 PM,5:30 PM,Join the Japan Hub | Community Event,Networking,Free,https://luma.com/5rdv90ny,,
"Fri, 3 October",2:30 PM,4:30 PM,Sera.cx: FX DEX for Stablecoins,Networking,Free,https://luma.com/r7uohgxp,,
"Fri, 3 October",3:00 PM,6:00 PM,Treehouse Grand Prix | Powered by Outdrive GP,Sport,Free,https://luma.com/0gdc9mjn,,
"Fri, 3 October",3:00 PM,6:00 PM,Defi Day Lounge with Yuzu Money,Networking,Free,https://luma.com/hnynmigp,,
"Fri, 3 October",4:00 PM,6:30 PM,Web3 Nightmares x F1 Mixer,Networking,Free,https://luma.com/ipwr59yl,,
"Fri, 3 October",4:00 PM,7:00 PM,Dreamhaus: Render the Future,Networking,Free,https://luma.com/dreamhaus,,
"Fri, 3 October",5:30 PM,6:30 PM,Formule One Singapore Grand Prix 2025 Practice 1,Sport,US$200-5000,https://singaporegp.sg/en/,,
"Fri, 3 October",6:00 PM,11:30 PM,RITE RACE by RITE.MOV - Day 5,Other,Free,https://luma.com/h5zw4n3m,,
"Fri, 3 October",6:00 PM,11:30 PM,CLAVI Circle at 33Club,Party/Dinner,Free,https://luma.com/nnimciyr,,
"Fri, 3 October",6:00 PM,10:00 PM,Enflux x AP3X | Yacht Party,Networking,Free,https://luma.com/4kxnkytf,,
"Fri, 3 October",6:00 PM,10:00 PM,Pantera x Multipli | Liquid VIP Dinner Table,Party/Dinner,Free,https://luma.com/a7fvq513,,
"Fri, 3 October",7:00 PM,11:59 PM,Tatler Ball Asia,Party/Dinner,Free,Invite Only,,
"Fri, 3 October",7:00 PM,3:00 AM,AFTER 2049 - Official TOKEN2049 Closing Party,Party/Dinner,US$149,https://megatix.com.sg/events/after-2049,,
"Fri, 3 October",7:00 PM,11:00 PM,AfterDark Crawl - Day 1,Networking,US$35-100,https://luma.com/iuz2cykl,,
"Fri, 3 October",7:00 PM,11:00 PM,MST Blockchain Connect: KOL x Influencer Night,Party/Dinner,Free,https://luma.com/dfkv7mbw,,
"Fri, 3 October",8:00 PM,12:00 AM,Funders & Founders Night by Giakaa Capital (7 Nigh - Day 5,Party/Dinner,Free,https://luma.com/jw93wgj5,,
"Fri, 3 October",8:00 PM,6:00 AM,Crypto Yacht Party | Singapore '25,Party/Dinner,Free,https://luma.com/fc15u604,,
"Fri, 3 October",9:00 PM,3:00 AM,RaveDAO Singapore: ENL1GHT Festival,Party/Dinner,US$75,https://app.plvr.io/events/ravedao-singapore-enl1ght-20251003-sg?aid=ravedao,,
"Fri, 3 October",9:00 PM,10:00 PM,Formule One Singapore Grand Prix 2025 Practice 2,Sport,US$200-5000,https://singaporegp.sg/,,
"Fri, 3 October",9:00 PM,3:00 AM,Aftermath: Web3 Night in Singapore,Party/Dinner,Free,https://luma.com/8m8cdspp,,
"Fri, 3 October",11:30 PM,3:00 AM,Moon Foundation presents: Web3 Night Connect,Party/Dinner,Free,https://lu.ma/r14usabp,,
"Sat, 4 October",8:00 AM,12:00 PM,VIP Institutional Crypto Breakfast - 4th Oct,Networking,Free,https://lu.ma/qbe70ruc,,
"Sat, 4 October",9:00 AM,7:00 AM,Global Digital Assets Investment Summit - Day 2,Conference/Summit,US$499,https://globaldigitalassetssummit.com/,,
"Sat, 4 October",10:00 AM,12:30 PM,The Symposium: Web3 for Real-World Impact,Networking,US$0-129,https://luma.com/6h0viwhc,,
"Sat, 4 October",10:00 AM,12:00 PM,Web3 & AI Pitch Competition & VC networking by Ga^,Other,US$25-100,https://lu.ma/o4n1i4r6,,
"Sat, 4 October",11:00 AM,3:00 PM,LATOKEN Investors' Summit,Conference/Summit,Free,https://lu.ma/5fev0dww,,
"Sat, 4 October",1:00 PM,5:00 PM,"Next Frontier: DePIN, AI & Compute",Conference/Summit,Free,https://luma.com/91vltor3,,
"Sat, 4 October",2:00 PM,5:00 PM,87% Win Rate in Trading in 2025,Workshop/Hackathon,US$15-50,https://lu.ma/6bzmg753,,
"Sat, 4 October",2:15 PM,5:00 PM,The Symposium: Ride & Network @STCRC,Sport,US$129,https://luma.com/avu8zxhl,,
"Sat, 4 October",3:00 PM,7:00 PM,"Ourparty ft. Nick Cheo, Yumemono, $BITCOIN, $SPX",Party/Dinner,Free,https://luma.com/6or24y84,,
"Sat, 4 October",5:00 PM,9:00 PM,Founder‚ÄìFunder Circuit,Networking,Free,https://lu.ma/qxz26aae,,
"Sat, 4 October",5:30 PM,6:30 PM,Formule One Singapore Grand Prix 2025 Practice 3,Sport,US$200-5000,https://singaporegp.sg/en,,
"Sat, 4 October",6:00 PM,11:30 PM,RITE RACE by RITE.MOV - Day 6,Other,Free,https://luma.com/h5zw4n3m,,
"Sat, 4 October",7:00 PM,11:00 PM,AfterDark Crawl - Day 2,Networking,US$35-100,https://luma.com/iuz2cykl,,
"Sat, 4 October",8:00 PM,12:00 AM,Funders & Founders Night by Giakaa Capital (7 Nigh - Day 6,Party/Dinner,Free,https://luma.com/jw93wgj5,,
"Sat, 4 October",8:00 PM,4:00 AM,BTCC x Tealstreet x Chroma: Drum & Bass,Party/Dinner,Free,https://luma.com/emf26dd4,,
"Sat, 4 October",9:00 PM,10:00 PM,Formule One Singapore Grand Prix 2025 Qualifying,Sport,US$200-5000,https://singaporegp.sg,,
"Sun, 5 October",8:00 AM,12:00 PM,Oversubscribed Capital VIP Institutional Breakfast,Networking,Free,https://lu.ma/45mbvj8d,,
"Sun, 5 October",6:00 PM,11:30 PM,RITE RACE by RITE.MOV - Day 7,Other,Free,https://luma.com/h5zw4n3m,,
"Sun, 5 October",6:30 PM,9:30 PM,Creators‚Äô Rooftop: The Social Layer,Networking,Free,https://lu.ma/ssu4uey6,,
"Sun, 5 October",8:00 PM,11:00 PM,Formule One Singapore Grand Prix 2025 Race,Sport,US$200-5000,http://singaporegp.sg/en/,,
"Sun, 5 October",8:00 PM,12:00 AM,Funders & Founders Night by Giakaa Capital (7 Nigh - Day 7,Party/Dinner,Free,https://luma.com/jw93wgj5,,